order_date,order_date_of_month,dow,orders,delivery_fee,restaurant_id,food_price,is_coupon_used,is_bkk,is_chain_res,is_main_dish,CASH,LINEMAN_CREDIT_CARD,RLP,L,M,S,cooking_time_in_seconds_trf,delivery_time_in_seconds_trf,total_time_waiting,%_coupon_used,%_chain_res,%_S_resturant_orders,%_L_resturant_orders,orders_per_rest,%_CASH
1,2,1,364,10.0,78,130.0,31,161,47,279,345.0,0,19,134.0,100.0,130.0,755.0,493.0,1262.0,0.08516483516483517,0.12912087912087913,0.35714285714285715,0.36813186813186816,4.666666666666667,0.9478021978021978
2,3,2,385,10.0,83,145.0,32,169,76,294,359.0,0,26,138.0,111.0,136.0,789.0,509.0,1345.0,0.08311688311688312,0.1974025974025974,0.35324675324675325,0.35844155844155845,4.63855421686747,0.9324675324675324
3,4,3,365,10.0,65,140.0,43,156,64,284,352.0,0,13,129.0,91.0,145.0,788.0,520.0,1385.0,0.1178082191780822,0.17534246575342466,0.3972602739726027,0.35342465753424657,5.615384615384615,0.9643835616438357
4,5,4,373,10.0,77,140.0,32,149,50,298,355.0,0,18,132.0,77.0,164.0,698.0,472.0,1229.0,0.08579088471849866,0.13404825737265416,0.43967828418230565,0.353887399463807,4.8441558441558445,0.9517426273458445
5,6,5,357,10.0,81,130.0,39,135,54,259,336.0,0,21,137.0,79.0,141.0,727.0,524.0,1311.0,0.1092436974789916,0.15126050420168066,0.3949579831932773,0.38375350140056025,4.407407407407407,0.9411764705882353
6,7,6,406,10.0,88,130.5,41,171,76,318,386.0,0,20,105.0,133.0,168.0,715.0,520.5,1323.5,0.10098522167487685,0.18719211822660098,0.41379310344827586,0.25862068965517243,4.613636363636363,0.9507389162561576
7,8,0,343,10.0,69,143.0,30,155,57,276,322.0,0,21,118.0,90.0,135.0,761.0,507.0,1274.5,0.08746355685131195,0.1661807580174927,0.3935860058309038,0.34402332361516036,4.971014492753623,0.9387755102040817
8,9,1,356,10.0,77,130.0,39,147,56,267,336.0,0,20,113.0,92.0,151.0,722.0,508.0,1271.5,0.10955056179775281,0.15730337078651685,0.4241573033707865,0.31741573033707865,4.623376623376624,0.9438202247191011
9,10,2,391,10.0,83,120.0,42,169,60,315,365.0,0,26,115.0,91.0,185.0,690.5,498.0,1227.0,0.10741687979539642,0.1534526854219949,0.4731457800511509,0.29411764705882354,4.710843373493976,0.9335038363171355
10,11,3,331,10.0,83,135.0,35,151,52,256,310.0,0,21,110.0,84.0,137.0,729.5,520.0,1281.0,0.10574018126888217,0.15709969788519637,0.41389728096676737,0.3323262839879154,3.9879518072289155,0.9365558912386707
11,12,4,370,10.0,77,140.0,42,177,64,286,341.0,0,29,123.0,87.0,160.0,731.0,518.0,1284.0,0.11351351351351352,0.17297297297297298,0.43243243243243246,0.3324324324324324,4.805194805194805,0.9216216216216216
12,13,5,403,10.0,76,138.0,35,174,56,318,378.0,0,25,137.0,111.0,155.0,740.0,489.0,1291.0,0.08684863523573201,0.13895781637717122,0.38461538461538464,0.3399503722084367,5.302631578947368,0.9379652605459057
13,14,6,335,10.0,79,128.0,36,136,36,273,320.0,0,15,114.0,86.0,135.0,788.0,445.0,1250.0,0.10746268656716418,0.10746268656716418,0.40298507462686567,0.3402985074626866,4.2405063291139244,0.9552238805970149
14,15,0,338,10.0,70,152.5,46,143,53,262,318.0,0,20,112.0,103.0,123.0,779.5,510.0,1331.5,0.13609467455621302,0.15680473372781065,0.363905325443787,0.33136094674556216,4.828571428571428,0.9408284023668639
15,16,1,374,10.0,80,140.0,39,155,73,282,347.0,0,27,153.0,74.0,147.0,750.5,492.0,1259.5,0.10427807486631016,0.19518716577540107,0.393048128342246,0.4090909090909091,4.675,0.9278074866310161
16,17,2,397,10.0,74,130.0,27,169,54,309,373.0,0,24,133.0,112.0,152.0,740.0,513.0,1255.0,0.06801007556675064,0.13602015113350127,0.38287153652392947,0.3350125944584383,5.364864864864865,0.9395465994962217
17,18,3,348,10.0,74,135.0,28,148,42,249,321.0,0,27,123.0,87.0,138.0,765.0,516.5,1319.0,0.08045977011494253,0.1206896551724138,0.39655172413793105,0.35344827586206895,4.702702702702703,0.9224137931034483
18,19,4,380,10.0,88,126.5,27,160,60,277,351.0,0,29,126.0,83.0,171.0,742.0,484.0,1223.0,0.07105263157894737,0.15789473684210525,0.45,0.33157894736842103,4.318181818181818,0.9236842105263158
19,20,5,375,10.0,82,130.0,34,156,70,281,346.0,0,29,129.0,116.0,130.0,713.5,477.0,1253.5,0.09066666666666667,0.18666666666666668,0.3466666666666667,0.344,4.573170731707317,0.9226666666666666
20,21,6,412,10.0,84,138.5,29,164,50,314,381.0,0,31,154.0,108.0,150.0,727.0,452.0,1226.5,0.0703883495145631,0.12135922330097088,0.3640776699029126,0.3737864077669903,4.904761904761905,0.9247572815533981
21,22,0,383,10.0,76,140.0,45,168,66,291,362.0,0,21,126.0,94.0,163.0,744.0,504.0,1261.0,0.1174934725848564,0.17232375979112272,0.4255874673629243,0.3289817232375979,5.0394736842105265,0.9451697127937336
22,23,1,350,10.0,74,126.5,23,163,60,266,321.0,0,29,107.0,107.0,136.0,726.0,511.5,1282.5,0.06571428571428571,0.17142857142857143,0.38857142857142857,0.3057142857142857,4.72972972972973,0.9171428571428571
23,24,2,355,10.0,78,120.0,20,142,43,256,330.0,0,25,126.0,75.0,154.0,714.5,495.0,1223.5,0.056338028169014086,0.12112676056338029,0.43380281690140843,0.35492957746478876,4.551282051282051,0.9295774647887324
24,25,3,373,10.0,82,120.0,25,162,46,283,346.0,0,27,126.0,78.0,169.0,691.0,461.0,1219.0,0.06702412868632708,0.12332439678284182,0.45308310991957107,0.3378016085790885,4.548780487804878,0.9276139410187667
25,26,4,386,10.0,83,127.5,22,161,61,291,359.0,0,27,105.0,107.0,174.0,695.0,497.0,1231.0,0.05699481865284974,0.15803108808290156,0.45077720207253885,0.27202072538860106,4.650602409638554,0.9300518134715026
26,27,5,359,10.0,81,130.0,25,135,45,276,334.0,0,25,128.0,95.0,136.0,727.0,473.0,1228.0,0.06963788300835655,0.12534818941504178,0.3788300835654596,0.3565459610027855,4.432098765432099,0.9303621169916435
27,28,6,345,10.0,84,125.0,39,154,61,250,324.0,0,21,112.0,94.0,139.0,723.5,476.0,1251.0,0.11304347826086956,0.17681159420289855,0.4028985507246377,0.32463768115942027,4.107142857142857,0.9391304347826087
28,29,0,385,10.0,77,130.0,36,156,55,302,355.0,0,30,132.0,75.0,178.0,725.0,486.0,1224.5,0.09350649350649351,0.14285714285714285,0.4623376623376623,0.34285714285714286,5.0,0.922077922077922
29,30,1,371,10.0,84,135.0,36,163,63,287,349.0,0,22,128.0,88.0,155.0,694.5,502.0,1270.0,0.09703504043126684,0.16981132075471697,0.41778975741239893,0.3450134770889488,4.416666666666667,0.9407008086253369
30,31,2,373,10.0,85,134.0,31,151,48,293,351.0,0,22,129.0,90.0,154.0,712.5,483.0,1255.0,0.08310991957104558,0.128686327077748,0.4128686327077748,0.34584450402144773,4.3882352941176475,0.9410187667560321
31,1,3,360,10.0,82,130.0,39,171,55,263,331.0,0,29,120.0,82.0,158.0,699.0,504.0,1275.0,0.10833333333333334,0.1527777777777778,0.4388888888888889,0.3333333333333333,4.390243902439025,0.9194444444444444
32,2,4,332,10.0,78,145.0,43,174,57,230,308.0,0,24,117.0,92.0,123.0,709.5,493.5,1260.0,0.12951807228915663,0.1716867469879518,0.3704819277108434,0.35240963855421686,4.256410256410256,0.927710843373494
33,3,5,360,10.0,81,135.0,57,185,52,249,330.0,0,30,82.0,95.0,183.0,680.0,533.0,1252.0,0.15833333333333333,0.14444444444444443,0.5083333333333333,0.22777777777777777,4.444444444444445,0.9166666666666666
34,4,6,326,10.0,78,150.0,44,151,54,235,301.0,0,25,93.0,92.0,141.0,670.0,545.0,1226.0,0.13496932515337423,0.1656441717791411,0.4325153374233129,0.2852760736196319,4.17948717948718,0.9233128834355828
35,5,0,332,10.0,75,167.0,33,164,54,264,307.0,0,25,87.0,97.0,148.0,684.0,517.0,1259.0,0.09939759036144578,0.16265060240963855,0.4457831325301205,0.2620481927710843,4.426666666666667,0.9246987951807228
36,6,1,356,10.0,81,139.0,42,167,45,272,331.0,0,25,111.0,89.0,156.0,643.0,506.0,1193.0,0.11797752808988764,0.12640449438202248,0.43820224719101125,0.31179775280898875,4.395061728395062,0.9297752808988764
37,7,2,365,10.0,85,145.0,41,178,51,270,333.0,0,32,82.0,113.0,170.0,702.5,534.0,1307.5,0.11232876712328767,0.13972602739726028,0.4657534246575342,0.22465753424657534,4.294117647058823,0.9123287671232877
38,8,3,310,10.0,69,132.5,40,142,48,203,281.0,0,29,100.0,70.0,140.0,633.5,505.5,1193.5,0.12903225806451613,0.15483870967741936,0.45161290322580644,0.3225806451612903,4.492753623188406,0.9064516129032258
39,9,4,375,10.0,85,145.0,42,177,54,261,342.0,0,33,95.0,103.0,177.0,707.5,508.0,1260.0,0.112,0.144,0.472,0.25333333333333335,4.411764705882353,0.912
40,10,5,378,10.0,87,138.5,55,190,75,268,346.0,0,32,90.0,109.0,179.0,664.5,532.0,1247.0,0.1455026455026455,0.1984126984126984,0.47354497354497355,0.23809523809523808,4.344827586206897,0.9153439153439153
41,11,6,377,10.0,87,127.0,37,173,52,296,351.0,0,26,116.0,109.0,152.0,673.0,513.0,1230.0,0.09814323607427056,0.13793103448275862,0.40318302387267907,0.3076923076923077,4.333333333333333,0.9310344827586207
42,12,0,386,10.0,83,135.0,44,184,43,324,345.0,0,41,106.0,93.0,187.0,737.0,482.0,1280.0,0.11398963730569948,0.11139896373056994,0.4844559585492228,0.27461139896373055,4.650602409638554,0.8937823834196891
43,13,1,375,10.0,85,130.0,44,189,45,286,341.0,0,34,105.0,100.0,170.0,693.0,495.0,1226.0,0.11733333333333333,0.12,0.4533333333333333,0.28,4.411764705882353,0.9093333333333333
44,14,2,385,10.0,89,130.0,57,179,44,287,349.0,0,36,111.0,103.0,171.0,715.0,498.0,1240.0,0.14805194805194805,0.11428571428571428,0.44415584415584414,0.2883116883116883,4.325842696629214,0.9064935064935065
45,15,3,361,10.0,84,130.0,46,178,52,267,320.0,0,41,115.0,80.0,166.0,666.0,517.0,1221.0,0.12742382271468145,0.1440443213296399,0.4598337950138504,0.3185595567867036,4.2976190476190474,0.8864265927977839
46,16,4,398,10.0,86,128.5,50,206,46,295,364.0,0,34,112.0,87.0,199.0,657.0,523.0,1249.0,0.12562814070351758,0.11557788944723618,0.5,0.2814070351758794,4.627906976744186,0.914572864321608
47,17,5,402,10.0,89,136.5,55,198,45,307,366.0,0,36,119.0,96.0,187.0,684.0,513.5,1270.0,0.13681592039800994,0.11194029850746269,0.4651741293532338,0.2960199004975124,4.51685393258427,0.9104477611940298
48,18,6,427,10.0,93,137.0,46,197,53,314,393.0,0,34,124.0,116.0,187.0,697.0,518.0,1277.5,0.10772833723653395,0.12412177985948478,0.4379391100702576,0.2903981264637002,4.591397849462366,0.9203747072599532
49,19,0,392,10.0,80,130.0,42,185,56,306,365.0,0,27,127.0,84.0,181.0,767.5,455.0,1260.0,0.10714285714285714,0.14285714285714285,0.461734693877551,0.3239795918367347,4.9,0.9311224489795918
50,20,1,359,10.0,85,120.0,34,159,41,278,334.0,0,25,115.0,97.0,147.0,615.0,516.0,1165.0,0.0947075208913649,0.11420612813370473,0.40947075208913647,0.3203342618384401,4.223529411764706,0.9303621169916435
51,21,2,359,10.0,83,120.0,45,180,33,277,326.0,0,33,93.0,82.0,184.0,669.0,551.0,1248.0,0.12534818941504178,0.09192200557103064,0.5125348189415042,0.2590529247910863,4.325301204819277,0.9080779944289693
52,22,3,371,10.0,88,120.0,52,192,57,263,341.0,0,30,112.0,97.0,162.0,643.0,510.0,1156.0,0.14016172506738545,0.15363881401617252,0.4366576819407008,0.3018867924528302,4.215909090909091,0.9191374663072777
53,23,4,368,10.0,85,120.0,38,183,47,265,347.0,0,21,100.0,105.0,163.0,613.5,486.5,1175.5,0.10326086956521739,0.12771739130434784,0.4429347826086957,0.2717391304347826,4.329411764705882,0.9429347826086957
54,24,5,380,10.0,90,130.0,56,197,39,298,342.0,0,38,121.0,86.0,173.0,729.0,505.5,1286.0,0.14736842105263157,0.10263157894736842,0.45526315789473687,0.31842105263157894,4.222222222222222,0.9
55,25,6,383,10.0,86,135.0,31,178,54,288,336.0,0,47,91.0,104.0,188.0,761.0,531.0,1346.0,0.08093994778067885,0.1409921671018277,0.4908616187989556,0.23759791122715404,4.453488372093023,0.8772845953002611
56,26,0,385,10.0,78,135.0,41,178,45,305,345.0,0,40,125.0,78.0,182.0,757.5,488.0,1290.0,0.10649350649350649,0.11688311688311688,0.4727272727272727,0.3246753246753247,4.935897435897436,0.8961038961038961
57,27,1,439,10.0,82,130.0,38,218,59,345,387.0,0,52,136.0,125.0,178.0,791.5,472.0,1339.0,0.08656036446469248,0.13439635535307518,0.4054669703872437,0.3097949886104784,5.353658536585366,0.8815489749430524
58,28,2,409,10.0,84,149.0,33,205,75,313,372.0,0,37,124.0,92.0,193.0,737.0,494.0,1285.0,0.08068459657701711,0.18337408312958436,0.4718826405867971,0.30317848410757947,4.869047619047619,0.9095354523227384
59,29,3,423,10.0,89,119.0,42,205,78,289,389.0,0,34,112.0,105.0,206.0,713.5,464.0,1220.5,0.09929078014184398,0.18439716312056736,0.48699763593380613,0.2647754137115839,4.752808988764045,0.9196217494089834
60,30,4,433,10.0,98,140.0,57,211,89,274,387.0,0,46,103.0,122.0,208.0,727.5,536.0,1303.5,0.13163972286374134,0.20554272517321015,0.48036951501154734,0.23787528868360278,4.418367346938775,0.8937644341801386
61,31,5,471,10.0,101,120.0,52,252,118,292,429.0,0,42,98.0,131.0,242.0,776.5,551.0,1357.0,0.11040339702760085,0.2505307855626327,0.5138004246284501,0.208067940552017,4.663366336633663,0.910828025477707
62,1,6,410,10.0,93,120.0,48,215,91,277,376.0,0,34,113.0,124.0,173.0,740.0,505.0,1333.0,0.11707317073170732,0.22195121951219512,0.4219512195121951,0.275609756097561,4.408602150537634,0.9170731707317074
63,2,0,452,10.0,87,125.0,51,196,96,303,407.0,0,45,125.0,118.0,209.0,713.0,497.0,1274.0,0.11283185840707964,0.21238938053097345,0.46238938053097345,0.27654867256637167,5.195402298850575,0.9004424778761062
64,3,1,426,10.0,90,122.0,42,219,61,305,377.0,0,49,121.0,136.0,169.0,714.0,539.0,1287.0,0.09859154929577464,0.1431924882629108,0.3967136150234742,0.284037558685446,4.733333333333333,0.8849765258215962
65,4,2,421,10.0,94,130.0,48,211,47,297,369.0,0,52,124.0,124.0,173.0,707.5,539.0,1301.5,0.11401425178147269,0.11163895486935867,0.41092636579572445,0.29453681710213775,4.4787234042553195,0.8764845605700713
66,5,3,399,10.0,93,130.0,56,207,67,271,363.0,0,36,103.0,130.0,166.0,723.0,504.0,1257.0,0.14035087719298245,0.16791979949874686,0.41604010025062654,0.2581453634085213,4.290322580645161,0.9097744360902256
67,6,4,402,10.0,97,149.0,57,214,67,287,364.0,0,38,122.0,123.0,157.0,714.0,535.5,1238.0,0.1417910447761194,0.16666666666666666,0.39054726368159204,0.3034825870646766,4.144329896907217,0.9054726368159204
68,7,5,385,10.0,90,138.0,45,198,60,273,347.0,0,38,98.0,130.0,157.0,660.0,510.0,1243.5,0.11688311688311688,0.15584415584415584,0.4077922077922078,0.2545454545454545,4.277777777777778,0.9012987012987013
69,8,6,392,10.0,92,149.5,37,190,39,287,345.0,0,47,114.0,137.0,141.0,754.0,540.0,1300.5,0.09438775510204081,0.09948979591836735,0.3596938775510204,0.29081632653061223,4.260869565217392,0.8801020408163265
70,9,0,459,10.0,90,140.0,49,201,68,351,411.0,0,48,138.0,140.0,181.0,725.5,516.0,1265.5,0.10675381263616558,0.14814814814814814,0.39433551198257083,0.3006535947712418,5.1,0.8954248366013072
71,10,1,424,10.0,98,120.0,38,203,58,320,370.0,0,54,126.0,117.0,181.0,678.5,499.0,1175.0,0.08962264150943396,0.13679245283018868,0.4268867924528302,0.2971698113207547,4.326530612244898,0.8726415094339622
72,11,2,429,10.0,91,130.0,42,226,52,295,384.0,0,45,122.0,114.0,193.0,668.5,497.0,1209.0,0.0979020979020979,0.12121212121212122,0.44988344988344986,0.28438228438228436,4.714285714285714,0.8951048951048951
73,12,3,447,10.0,93,140.0,59,213,47,342,382.0,0,65,143.0,110.0,194.0,791.0,513.0,1334.5,0.1319910514541387,0.10514541387024609,0.43400447427293065,0.319910514541387,4.806451612903226,0.854586129753915
74,13,4,372,10.0,91,120.0,39,173,37,275,328.0,0,44,124.0,94.0,154.0,663.0,507.0,1218.0,0.10483870967741936,0.09946236559139784,0.41397849462365593,0.3333333333333333,4.087912087912088,0.8817204301075269
75,14,5,431,10.0,88,135.0,41,220,47,353,387.0,3,41,107.0,119.0,205.0,689.0,528.0,1274.0,0.0951276102088167,0.10904872389791183,0.4756380510440835,0.2482598607888631,4.8977272727272725,0.8979118329466357
76,15,6,520,10.0,97,130.0,41,229,55,402,459.0,6,55,139.0,147.0,234.0,677.0,497.0,1221.0,0.07884615384615384,0.10576923076923077,0.45,0.2673076923076923,5.360824742268041,0.8826923076923077
77,16,0,521,10.0,93,125.0,47,223,59,409,447.0,14,60,152.0,128.0,241.0,684.0,478.0,1202.0,0.09021113243761997,0.11324376199616124,0.46257197696737046,0.29174664107485604,5.602150537634409,0.8579654510556622
78,17,1,466,10.0,93,120.0,33,211,61,367,410.0,6,50,123.0,145.0,198.0,680.0,510.5,1263.0,0.07081545064377683,0.13090128755364808,0.4248927038626609,0.26394849785407726,5.010752688172043,0.8798283261802575
79,18,2,443,10.0,89,135.0,50,221,60,325,396.0,7,40,105.0,134.0,204.0,641.0,529.0,1241.5,0.11286681715575621,0.13544018058690746,0.4604966139954853,0.23702031602708803,4.977528089887641,0.8939051918735892
80,19,3,415,10.0,87,120.0,52,212,51,326,377.0,5,33,121.0,107.0,187.0,689.5,539.0,1261.0,0.12530120481927712,0.12289156626506025,0.4506024096385542,0.29156626506024097,4.7701149425287355,0.908433734939759
81,20,4,489,10.0,98,120.0,54,244,51,377,422.0,8,59,121.0,135.0,233.0,645.0,495.0,1209.0,0.11042944785276074,0.10429447852760736,0.47648261758691207,0.2474437627811861,4.989795918367347,0.8629856850715747
82,21,5,426,10.0,100,120.0,54,197,44,331,376.0,15,35,105.0,123.0,198.0,695.5,512.5,1226.5,0.1267605633802817,0.10328638497652583,0.4647887323943662,0.24647887323943662,4.26,0.8826291079812206
83,22,6,452,10.0,90,122.5,38,225,42,355,388.0,17,47,94.0,134.0,224.0,705.5,502.5,1271.5,0.084070796460177,0.09292035398230089,0.49557522123893805,0.2079646017699115,5.022222222222222,0.8584070796460177
84,23,0,478,10.0,85,119.0,37,194,48,375,421.0,15,42,145.0,129.0,204.0,687.0,471.0,1201.0,0.07740585774058577,0.100418410041841,0.42677824267782427,0.303347280334728,5.623529411764705,0.8807531380753139
85,24,1,500,10.0,100,120.0,35,241,60,380,431.0,11,58,133.0,135.0,232.0,685.5,475.0,1197.0,0.07,0.12,0.464,0.266,5.0,0.862
86,25,2,450,10.0,95,120.0,34,211,49,356,397.0,13,40,110.0,107.0,233.0,679.5,503.5,1243.0,0.07555555555555556,0.10888888888888888,0.5177777777777778,0.24444444444444444,4.7368421052631575,0.8822222222222222
87,26,3,414,10.0,87,120.0,41,210,54,298,347.0,22,45,119.0,99.0,196.0,697.0,513.5,1259.0,0.09903381642512077,0.13043478260869565,0.47342995169082125,0.28743961352657005,4.758620689655173,0.8381642512077294
88,27,4,424,10.0,103,120.0,36,204,52,330,369.0,11,44,102.0,104.0,218.0,649.5,504.5,1217.0,0.08490566037735849,0.12264150943396226,0.5141509433962265,0.24056603773584906,4.116504854368932,0.8702830188679245
89,28,5,409,10.0,93,115.0,45,189,35,310,352.0,16,41,113.0,100.0,196.0,673.0,483.5,1220.0,0.1100244498777506,0.08557457212713937,0.4792176039119804,0.2762836185819071,4.397849462365591,0.8606356968215159
90,29,6,483,10.0,97,120.0,35,218,48,394,409.0,16,58,116.0,118.0,249.0,688.0,503.0,1285.0,0.07246376811594203,0.09937888198757763,0.515527950310559,0.2401656314699793,4.979381443298969,0.8467908902691511
91,30,0,494,10.0,88,130.0,60,228,40,369,434.0,17,43,135.0,108.0,251.0,740.0,493.0,1282.0,0.1214574898785425,0.08097165991902834,0.5080971659919028,0.2732793522267207,5.613636363636363,0.8785425101214575
92,31,1,498,10.0,94,120.0,65,250,45,382,438.0,23,37,148.0,103.0,247.0,729.0,517.0,1281.0,0.13052208835341367,0.09036144578313253,0.4959839357429719,0.2971887550200803,5.297872340425532,0.8795180722891566
93,1,2,474,10.0,93,124.5,58,238,47,356,417.0,16,41,116.0,117.0,241.0,726.0,543.0,1287.0,0.12236286919831224,0.09915611814345991,0.5084388185654009,0.24472573839662448,5.096774193548387,0.879746835443038
94,2,3,423,10.0,84,120.0,50,186,41,301,369.0,6,48,149.0,85.0,189.0,690.0,509.0,1198.0,0.1182033096926714,0.09692671394799054,0.44680851063829785,0.35224586288416077,5.035714285714286,0.8723404255319149
95,3,4,505,10.0,102,115.0,503,240,83,366,431.0,15,59,143.0,132.0,230.0,672.0,504.0,1246.5,0.996039603960396,0.16435643564356436,0.45544554455445546,0.28316831683168314,4.950980392156863,0.8534653465346534
96,4,5,500,10.0,105,123.5,500,249,75,397,440.0,15,45,134.0,137.0,229.0,728.0,491.0,1241.0,1.0,0.15,0.458,0.268,4.761904761904762,0.88
97,5,6,517,10.0,89,129.0,517,231,87,396,436.0,27,54,157.0,132.0,228.0,742.0,489.0,1263.5,1.0,0.16827852998065765,0.4410058027079304,0.3036750483558994,5.808988764044944,0.8433268858800773
98,6,0,491,10.0,90,125.0,490,211,65,376,430.0,19,42,152.0,131.0,208.0,748.5,466.0,1268.5,0.9979633401221996,0.13238289205702647,0.42362525458248473,0.3095723014256619,5.455555555555556,0.8757637474541752
99,7,1,498,10.0,100,130.0,498,256,75,406,415.0,24,59,141.0,137.0,220.0,699.0,490.5,1238.0,1.0,0.15060240963855423,0.44176706827309237,0.28313253012048195,4.98,0.8333333333333334
100,8,2,535,10.0,109,115.0,535,269,76,418,447.0,31,57,177.0,116.0,242.0,693.0,492.0,1248.0,1.0,0.14205607476635515,0.4523364485981308,0.33084112149532713,4.908256880733945,0.8355140186915888
101,9,3,440,10.0,93,112.5,439,204,66,342,381.0,17,42,145.0,92.0,203.0,709.0,508.0,1273.0,0.9977272727272727,0.15,0.46136363636363636,0.32954545454545453,4.731182795698925,0.865909090909091
102,10,4,473,10.0,96,110.0,472,243,76,356,387.0,32,54,139.0,118.0,216.0,662.0,477.0,1204.0,0.9978858350951374,0.160676532769556,0.45665961945031713,0.2938689217758985,4.927083333333333,0.8181818181818182
103,11,5,532,10.0,101,120.0,531,271,74,403,457.0,26,49,160.0,125.0,247.0,654.0,486.0,1168.0,0.9981203007518797,0.13909774436090225,0.4642857142857143,0.3007518796992481,5.267326732673268,0.8590225563909775
104,12,6,511,10.0,101,120.0,511,239,84,394,420.0,26,65,161.0,132.0,218.0,726.0,492.0,1251.0,1.0,0.1643835616438356,0.42661448140900193,0.3150684931506849,5.0594059405940595,0.821917808219178
105,13,0,501,10.0,93,120.0,501,257,83,406,420.0,28,53,173.0,127.0,201.0,733.5,508.0,1320.0,1.0,0.1656686626746507,0.40119760479041916,0.34530938123752497,5.387096774193548,0.8383233532934131
106,14,1,505,10.0,101,110.0,505,248,82,397,435.0,21,49,152.0,126.0,227.0,669.0,481.0,1200.0,1.0,0.16237623762376238,0.4495049504950495,0.300990099009901,5.0,0.8613861386138614
107,15,2,472,10.0,86,113.5,472,246,79,371,391.0,28,53,122.0,147.0,203.0,680.0,484.5,1244.5,1.0,0.1673728813559322,0.4300847457627119,0.2584745762711864,5.488372093023256,0.8283898305084746
108,16,3,451,10.0,94,120.0,451,256,82,315,383.0,24,44,133.0,118.0,200.0,637.5,492.0,1217.5,1.0,0.18181818181818182,0.4434589800443459,0.29490022172949004,4.797872340425532,0.8492239467849224
109,17,4,482,10.0,104,118.0,482,277,87,351,395.0,37,50,130.0,145.0,207.0,684.0,500.0,1224.0,1.0,0.18049792531120332,0.42946058091286304,0.2697095435684647,4.634615384615385,0.8195020746887967
110,18,5,494,10.0,99,120.0,494,280,122,341,415.0,29,50,136.0,140.0,218.0,687.0,526.0,1257.5,1.0,0.24696356275303644,0.44129554655870445,0.27530364372469635,4.98989898989899,0.840080971659919
111,19,6,564,10.0,106,110.0,563,298,105,422,477.0,32,55,183.0,155.0,226.0,722.0,474.0,1268.0,0.99822695035461,0.18617021276595744,0.40070921985815605,0.324468085106383,5.320754716981132,0.8457446808510638
112,20,0,577,10.0,94,115.0,576,310,128,416,501.0,26,50,152.0,173.0,252.0,726.0,495.0,1299.0,0.9982668977469671,0.2218370883882149,0.43674176776429807,0.2634315424610052,6.138297872340425,0.8682842287694974
113,21,1,536,10.0,97,107.0,535,301,116,366,443.0,32,61,173.0,124.0,239.0,647.0,482.5,1169.0,0.9981343283582089,0.21641791044776118,0.4458955223880597,0.32276119402985076,5.525773195876289,0.8264925373134329
114,22,2,557,10.0,102,120.0,557,316,103,404,463.0,33,61,154.0,144.0,259.0,657.0,452.0,1188.0,1.0,0.18491921005385997,0.4649910233393178,0.2764811490125673,5.46078431372549,0.8312387791741472
115,23,3,499,10.0,97,100.0,499,252,119,340,421.0,32,46,141.0,114.0,244.0,649.0,490.0,1163.0,1.0,0.23847695390781562,0.48897795591182364,0.28256513026052105,5.144329896907217,0.843687374749499
116,24,4,580,10.0,101,110.5,579,312,131,413,494.0,39,47,182.0,135.0,263.0,693.0,492.5,1251.0,0.9982758620689656,0.22586206896551725,0.453448275862069,0.3137931034482759,5.742574257425742,0.8517241379310345
117,25,5,569,10.0,111,116.0,565,337,128,371,466.0,44,59,157.0,132.0,280.0,642.5,516.0,1217.0,0.9929701230228472,0.22495606326889278,0.492091388400703,0.2759226713532513,5.126126126126126,0.8189806678383128
118,26,6,602,10.0,105,119.0,596,305,145,438,512.0,42,48,145.0,167.0,290.0,731.0,498.5,1301.0,0.9900332225913622,0.24086378737541528,0.48172757475083056,0.24086378737541528,5.733333333333333,0.8504983388704319
119,27,0,629,10.0,105,110.0,619,308,143,471,526.0,47,56,214.0,141.0,274.0,759.0,491.0,1293.0,0.9841017488076311,0.2273449920508744,0.4356120826709062,0.34022257551669316,5.9904761904761905,0.8362480127186009
120,28,1,574,10.0,106,115.0,560,305,111,458,460.0,43,71,171.0,149.0,254.0,704.0,490.0,1254.0,0.975609756097561,0.19337979094076654,0.4425087108013937,0.2979094076655052,5.415094339622642,0.8013937282229965
121,29,2,569,10.0,108,120.0,555,282,98,434,460.0,48,61,202.0,140.0,227.0,671.0,479.0,1186.0,0.9753954305799648,0.17223198594024605,0.3989455184534271,0.35500878734622143,5.268518518518518,0.8084358523725835
122,30,3,515,10.0,100,114.0,503,271,95,374,430.0,36,49,151.0,105.0,259.0,656.0,500.0,1206.5,0.9766990291262136,0.18446601941747573,0.5029126213592233,0.29320388349514565,5.15,0.8349514563106796
123,31,4,586,10.0,106,125.0,575,289,116,447,477.0,42,67,207.0,163.0,216.0,748.5,467.0,1247.0,0.9812286689419796,0.19795221843003413,0.36860068259385664,0.3532423208191126,5.528301886792453,0.8139931740614335
124,1,5,502,5.5,98,120.0,492,271,70,401,409.0,43,50,153.0,151.0,198.0,692.0,514.0,1269.5,0.9800796812749004,0.1394422310756972,0.3944223107569721,0.3047808764940239,5.122448979591836,0.8147410358565738
125,2,6,584,10.0,102,130.0,575,297,105,478,480.0,43,61,176.0,178.0,230.0,763.0,508.5,1329.0,0.9845890410958904,0.1797945205479452,0.3938356164383562,0.3013698630136986,5.7254901960784315,0.821917808219178
126,3,0,651,10.0,105,129.0,642,301,113,529,554.0,50,47,243.0,186.0,222.0,778.0,484.5,1317.5,0.9861751152073732,0.17357910906298002,0.34101382488479265,0.37327188940092165,6.2,0.8509984639016898
127,4,1,604,10.0,101,125.0,591,323,96,479,469.0,66,69,200.0,127.0,277.0,700.0,468.0,1207.5,0.9784768211920529,0.15894039735099338,0.4586092715231788,0.33112582781456956,5.98019801980198,0.7764900662251656
128,5,2,533,10.0,98,116.0,520,264,85,422,447.0,40,46,158.0,140.0,235.0,678.0,499.0,1235.0,0.975609756097561,0.15947467166979362,0.44090056285178236,0.2964352720450281,5.438775510204081,0.8386491557223265
129,6,3,510,10.0,102,120.0,499,267,102,396,412.0,49,49,139.0,153.0,218.0,730.0,454.5,1211.5,0.9784313725490196,0.2,0.42745098039215684,0.2725490196078431,5.0,0.807843137254902
130,7,4,519,10.0,98,120.0,509,263,89,404,418.0,43,58,160.0,141.0,218.0,752.5,491.0,1279.5,0.9807321772639692,0.17148362235067438,0.42003853564547206,0.30828516377649323,5.295918367346939,0.8053949903660886
131,8,5,494,10.0,98,117.5,485,265,89,375,409.0,40,45,151.0,132.0,211.0,700.0,509.5,1308.0,0.9817813765182186,0.18016194331983806,0.4271255060728745,0.305668016194332,5.040816326530612,0.8279352226720648
132,9,6,543,2.0,109,130.0,533,281,88,452,446.0,38,59,185.0,142.0,216.0,743.0,516.0,1308.5,0.9815837937384899,0.16206261510128914,0.39779005524861877,0.3406998158379374,4.981651376146789,0.8213627992633518
133,10,0,490,10.0,95,125.0,476,239,90,388,390.0,48,52,140.0,144.0,206.0,729.0,476.0,1235.0,0.9714285714285714,0.1836734693877551,0.4204081632653061,0.2857142857142857,5.157894736842105,0.7959183673469388
134,11,1,520,10.0,101,125.0,513,277,100,397,422.0,41,57,166.0,148.0,206.0,699.0,484.0,1251.0,0.9865384615384616,0.19230769230769232,0.39615384615384613,0.3192307692307692,5.148514851485149,0.8115384615384615
135,12,2,597,10.0,111,119.0,583,292,91,467,483.0,48,66,185.0,166.0,246.0,741.0,492.0,1249.0,0.9765494137353434,0.152428810720268,0.4120603015075377,0.3098827470686767,5.378378378378378,0.8090452261306532
136,13,3,485,10.0,96,120.0,474,258,95,354,398.0,45,42,126.0,151.0,208.0,651.0,483.0,1194.0,0.977319587628866,0.1958762886597938,0.4288659793814433,0.2597938144329897,5.052083333333333,0.8206185567010309
137,14,4,496,10.0,105,125.0,489,242,78,359,405.0,41,50,159.0,115.0,222.0,673.0,486.0,1200.0,0.9858870967741935,0.15725806451612903,0.4475806451612903,0.32056451612903225,4.723809523809524,0.8165322580645161
138,15,5,434,0.0,98,130.0,423,220,69,345,343.0,43,48,127.0,112.0,195.0,645.0,479.0,1189.0,0.9746543778801844,0.15898617511520738,0.44930875576036866,0.2926267281105991,4.428571428571429,0.7903225806451613
139,16,6,545,0.0,101,122.0,534,277,96,437,447.0,49,49,182.0,131.0,232.0,723.5,498.0,1265.0,0.9798165137614679,0.1761467889908257,0.42568807339449544,0.3339449541284404,5.396039603960396,0.8201834862385321
140,17,0,597,10.0,90,130.0,579,286,113,465,464.0,61,72,185.0,159.0,253.0,713.0,505.0,1276.5,0.9698492462311558,0.18927973199329984,0.423785594639866,0.3098827470686767,6.633333333333334,0.7772194304857621
141,18,1,527,10.0,100,120.0,524,278,95,421,419.0,42,66,164.0,107.0,256.0,670.0,469.0,1198.0,0.9943074003795066,0.18026565464895636,0.4857685009487666,0.3111954459203036,5.27,0.7950664136622391
142,19,2,477,10.0,100,120.0,470,283,97,359,372.0,51,54,127.0,121.0,229.0,672.0,468.0,1203.0,0.9853249475890985,0.20335429769392033,0.480083857442348,0.2662473794549266,4.77,0.779874213836478
143,20,3,474,10.0,100,120.0,467,277,110,359,396.0,39,39,152.0,135.0,187.0,692.0,465.0,1213.0,0.9852320675105485,0.2320675105485232,0.39451476793248946,0.3206751054852321,4.74,0.8354430379746836
144,21,4,565,10.0,107,120.0,557,305,111,433,451.0,49,65,166.0,169.0,230.0,675.0,461.0,1185.5,0.9858407079646018,0.19646017699115045,0.40707964601769914,0.2938053097345133,5.280373831775701,0.7982300884955752
145,22,5,561,10.0,116,128.97,553,295,90,453,463.0,47,51,169.0,157.0,235.0,740.0,473.0,1206.0,0.9857397504456328,0.16042780748663102,0.41889483065953653,0.30124777183600715,4.836206896551724,0.8253119429590018
146,23,6,596,10.0,108,127.5,586,331,110,469,487.0,46,63,201.0,164.0,231.0,684.0,475.0,1218.0,0.9832214765100671,0.18456375838926176,0.3875838926174497,0.337248322147651,5.518518518518518,0.8171140939597316
147,24,0,566,10.0,100,129.0,560,321,110,465,465.0,54,47,208.0,163.0,195.0,717.5,451.5,1206.0,0.9893992932862191,0.19434628975265017,0.34452296819787986,0.3674911660777385,5.66,0.8215547703180212
148,25,1,482,1.0,103,130.0,478,286,76,373,394.0,46,42,135.0,125.0,222.0,696.5,473.0,1237.0,0.991701244813278,0.15767634854771784,0.4605809128630705,0.2800829875518672,4.679611650485437,0.8174273858921162
149,26,2,536,7.5,109,120.0,514,310,94,415,423.0,65,48,136.0,179.0,221.0,708.5,488.5,1287.5,0.9589552238805971,0.17537313432835822,0.4123134328358209,0.2537313432835821,4.91743119266055,0.789179104477612
150,27,3,439,0.0,99,120.0,429,239,89,326,341.0,48,50,151.0,138.0,150.0,638.0,463.0,1182.5,0.9772209567198178,0.20273348519362186,0.3416856492027335,0.3439635535307517,4.434343434343434,0.7767653758542141
151,28,4,510,10.0,106,115.0,502,267,68,378,403.0,50,57,154.0,144.0,212.0,699.0,468.5,1236.0,0.984313725490196,0.13333333333333333,0.41568627450980394,0.30196078431372547,4.811320754716981,0.7901960784313725
152,29,5,496,10.0,109,122.0,489,256,86,392,406.0,45,45,148.0,139.0,209.0,683.0,461.0,1214.0,0.9858870967741935,0.17338709677419356,0.4213709677419355,0.29838709677419356,4.5504587155963305,0.8185483870967742
153,30,6,511,0.0,102,128.0,499,259,80,408,407.0,54,50,171.0,133.0,207.0,739.0,444.0,1238.0,0.9765166340508806,0.15655577299412915,0.4050880626223092,0.33463796477495106,5.009803921568627,0.7964774951076321
154,31,0,628,10.0,101,138.0,620,315,93,515,499.0,62,67,224.0,175.0,229.0,755.0,464.0,1266.0,0.9872611464968153,0.1480891719745223,0.3646496815286624,0.35668789808917195,6.217821782178218,0.7945859872611465
155,1,1,584,0.0,97,126.0,577,331,116,450,461.0,57,66,179.0,179.0,226.0,711.0,462.0,1231.0,0.988013698630137,0.19863013698630136,0.386986301369863,0.3065068493150685,6.020618556701031,0.7893835616438356
156,2,2,570,10.0,108,129.5,567,325,110,419,455.0,53,62,182.0,167.0,221.0,655.0,476.0,1196.0,0.9947368421052631,0.19298245614035087,0.387719298245614,0.3192982456140351,5.277777777777778,0.7982456140350878
157,3,3,496,10.0,97,125.0,495,258,108,370,405.0,43,48,144.0,169.0,183.0,650.0,486.0,1212.0,0.9979838709677419,0.21774193548387097,0.3689516129032258,0.2903225806451613,5.11340206185567,0.8165322580645161
158,4,4,542,10.0,112,120.0,533,317,123,398,429.0,65,48,157.0,177.0,208.0,681.0,486.5,1225.0,0.9833948339483395,0.22693726937269373,0.3837638376383764,0.2896678966789668,4.839285714285714,0.7915129151291513
159,5,5,530,10.0,110,125.0,526,289,109,394,432.0,42,56,175.0,153.0,202.0,719.5,491.0,1235.5,0.9924528301886792,0.20566037735849058,0.38113207547169814,0.330188679245283,4.818181818181818,0.8150943396226416
160,6,6,533,10.0,111,132.0,528,285,111,421,435.0,57,41,162.0,176.0,195.0,725.0,478.0,1234.5,0.9906191369606003,0.20825515947467166,0.36585365853658536,0.30393996247654786,4.801801801801802,0.8161350844277674
161,7,0,579,10.0,103,130.0,577,313,140,450,482.0,46,51,171.0,196.0,212.0,791.0,465.0,1280.0,0.9965457685664939,0.24179620034542315,0.36614853195164077,0.29533678756476683,5.621359223300971,0.8324697754749568
162,8,1,522,0.0,104,120.0,521,293,101,391,397.0,44,81,185.0,153.0,184.0,664.0,460.0,1165.0,0.9980842911877394,0.19348659003831417,0.3524904214559387,0.3544061302681992,5.019230769230769,0.7605363984674329
163,9,2,534,10.0,109,120.0,532,313,110,421,441.0,44,49,147.0,176.0,211.0,671.0,461.0,1172.0,0.9962546816479401,0.20599250936329588,0.3951310861423221,0.2752808988764045,4.89908256880734,0.8258426966292135
164,10,3,459,0.0,103,120.0,455,269,108,332,373.0,40,46,138.0,165.0,156.0,702.0,467.0,1204.0,0.9912854030501089,0.23529411764705882,0.33986928104575165,0.3006535947712418,4.456310679611651,0.8126361655773421
165,11,4,474,10.0,103,120.0,472,242,102,348,386.0,39,49,127.0,153.0,194.0,673.5,434.5,1168.0,0.9957805907172996,0.21518987341772153,0.4092827004219409,0.2679324894514768,4.601941747572815,0.8143459915611815
166,12,5,426,10.0,111,120.0,425,229,70,315,346.0,41,39,153.0,117.0,156.0,671.5,456.0,1133.5,0.9976525821596244,0.1643192488262911,0.36619718309859156,0.3591549295774648,3.8378378378378377,0.812206572769953
167,13,6,527,10.0,110,128.0,524,271,98,397,419.0,52,56,174.0,183.0,170.0,701.0,458.0,1221.5,0.9943074003795066,0.1859582542694497,0.3225806451612903,0.3301707779886148,4.790909090909091,0.7950664136622391
168,14,0,492,10.0,98,129.0,487,244,108,386,398.0,48,46,176.0,138.0,178.0,712.0,438.0,1217.0,0.9898373983739838,0.21951219512195122,0.3617886178861789,0.35772357723577236,5.020408163265306,0.8089430894308943
169,15,1,486,10.0,92,139.5,481,282,96,364,389.0,52,45,170.0,150.0,166.0,706.0,452.5,1184.0,0.9897119341563786,0.19753086419753085,0.34156378600823045,0.3497942386831276,5.282608695652174,0.8004115226337448
170,16,2,443,15.0,100,125.0,442,250,64,330,354.0,47,42,131.0,126.0,186.0,692.0,470.0,1184.0,0.9977426636568849,0.14446952595936793,0.4198645598194131,0.29571106094808125,4.43,0.7990970654627539
171,17,3,389,15.0,97,135.0,388,210,70,291,325.0,37,27,115.0,115.0,159.0,644.0,451.0,1157.0,0.9974293059125964,0.17994858611825193,0.4087403598971722,0.29562982005141386,4.010309278350515,0.8354755784061697
172,18,4,434,10.0,102,125.0,434,239,85,336,366.0,40,28,132.0,148.0,154.0,691.0,463.5,1201.0,1.0,0.195852534562212,0.3548387096774194,0.30414746543778803,4.254901960784314,0.8433179723502304
173,19,5,431,15.0,100,140.0,425,238,62,330,347.0,45,39,148.0,121.0,162.0,741.0,454.0,1263.0,0.9860788863109049,0.14385150812064965,0.37587006960556846,0.3433874709976798,4.31,0.8051044083526682
174,20,6,453,8.0,96,135.0,447,252,83,337,362.0,48,43,177.0,136.0,140.0,741.0,465.0,1270.0,0.9867549668874173,0.18322295805739514,0.3090507726269316,0.39072847682119205,4.71875,0.7991169977924945
175,21,0,536,15.0,100,134.5,534,249,95,421,447.0,47,42,197.0,136.0,203.0,743.0,477.0,1245.0,0.996268656716418,0.17723880597014927,0.3787313432835821,0.3675373134328358,5.36,0.8339552238805971
176,22,1,413,8.0,94,120.0,413,213,60,320,330.0,44,39,122.0,132.0,159.0,674.0,450.0,1183.0,1.0,0.14527845036319612,0.38498789346246975,0.29539951573849876,4.3936170212765955,0.7990314769975787
177,23,2,429,8.0,93,115.0,427,247,66,322,330.0,54,45,136.0,124.0,169.0,695.0,425.0,1170.5,0.9953379953379954,0.15384615384615385,0.3939393939393939,0.317016317016317,4.612903225806452,0.7692307692307693
178,24,3,464,5.0,97,138.0,462,257,89,343,371.0,46,47,169.0,115.0,180.0,694.0,443.0,1147.0,0.9956896551724138,0.19181034482758622,0.3879310344827586,0.3642241379310345,4.783505154639175,0.7995689655172413
179,25,4,432,10.0,105,120.0,429,241,61,322,349.0,47,36,145.0,105.0,182.0,700.0,460.0,1209.0,0.9930555555555556,0.1412037037037037,0.4212962962962963,0.33564814814814814,4.114285714285714,0.8078703703703703
180,26,5,419,15.0,101,138.0,416,237,73,344,360.0,29,30,140.0,127.0,152.0,729.5,448.0,1208.5,0.9928400954653938,0.17422434367541767,0.3627684964200477,0.3341288782816229,4.148514851485149,0.8591885441527446
181,27,6,474,5.0,94,126.58500000000001,470,238,83,381,386.0,50,38,154.0,140.0,180.0,737.0,447.5,1188.0,0.9915611814345991,0.1751054852320675,0.379746835443038,0.32489451476793246,5.042553191489362,0.8143459915611815
182,28,0,468,10.0,99,138.0,461,218,77,373,383.0,47,38,158.0,119.0,191.0,699.5,466.0,1185.5,0.9850427350427351,0.16452991452991453,0.4081196581196581,0.33760683760683763,4.7272727272727275,0.8183760683760684
183,29,1,475,10.0,97,140.0,467,251,68,379,374.0,56,45,172.0,126.0,177.0,715.0,445.0,1145.0,0.9831578947368421,0.1431578947368421,0.3726315789473684,0.36210526315789476,4.896907216494846,0.7873684210526316
184,30,2,420,5.0,104,135.0,419,244,78,329,334.0,50,36,116.0,135.0,169.0,723.5,455.5,1224.5,0.9976190476190476,0.18571428571428572,0.4023809523809524,0.2761904761904762,4.038461538461538,0.7952380952380952
185,31,3,363,5.0,91,135.0,360,189,66,260,288.0,43,32,141.0,95.0,127.0,677.5,458.0,1166.0,0.9917355371900827,0.18181818181818182,0.349862258953168,0.3884297520661157,3.989010989010989,0.7933884297520661
186,1,4,389,10.0,102,140.0,386,216,75,268,323.0,35,31,129.0,95.0,165.0,651.0,463.0,1216.5,0.9922879177377892,0.1928020565552699,0.4241645244215938,0.33161953727506427,3.8137254901960786,0.8303341902313625
187,2,5,457,6.0,109,130.0,451,262,73,319,352.0,53,52,154.0,139.0,164.0,688.5,455.0,1211.0,0.986870897155361,0.15973741794310722,0.3588621444201313,0.33698030634573306,4.192660550458716,0.7702407002188184
188,3,6,466,15.0,107,150.0,463,270,89,347,378.0,46,42,173.0,156.0,137.0,726.0,469.5,1220.5,0.9935622317596566,0.19098712446351931,0.2939914163090129,0.37124463519313305,4.355140186915888,0.8111587982832618
189,4,0,487,6.0,99,130.0,483,267,102,371,398.0,45,44,181.0,144.0,162.0,689.0,460.5,1199.5,0.9917864476386037,0.20944558521560575,0.3326488706365503,0.37166324435318276,4.91919191919192,0.8172484599589322
190,5,1,477,5.0,97,140.0,474,274,95,362,382.0,58,37,182.0,150.0,145.0,719.0,423.0,1221.0,0.9937106918238994,0.19916142557651992,0.3039832285115304,0.38155136268343814,4.917525773195877,0.80083857442348
191,6,2,420,5.0,105,125.0,416,244,97,316,335.0,50,35,138.0,131.0,151.0,705.0,449.5,1181.0,0.9904761904761905,0.23095238095238096,0.3595238095238095,0.32857142857142857,4.0,0.7976190476190477
192,7,3,398,5.0,94,135.0,392,229,96,292,320.0,40,38,152.0,119.0,127.0,711.0,479.0,1271.0,0.9849246231155779,0.24120603015075376,0.31909547738693467,0.38190954773869346,4.23404255319149,0.8040201005025126
193,8,4,443,5.0,105,140.0,442,255,99,333,344.0,51,48,137.0,159.0,147.0,762.0,450.0,1257.0,0.9977426636568849,0.2234762979683973,0.33182844243792325,0.309255079006772,4.219047619047619,0.7765237020316027
194,9,5,482,5.0,116,136.0,476,297,111,343,381.0,53,48,180.0,162.0,140.0,716.0,451.5,1195.0,0.9875518672199171,0.23029045643153526,0.29045643153526973,0.37344398340248963,4.155172413793103,0.7904564315352697
195,10,6,492,5.0,109,145.0,482,317,137,374,386.0,57,49,173.0,166.0,153.0,755.0,485.5,1256.0,0.9796747967479674,0.2784552845528455,0.31097560975609756,0.3516260162601626,4.513761467889908,0.7845528455284553
196,11,0,532,5.5,97,140.0,525,306,108,405,405.0,69,58,212.0,147.0,173.0,757.0,456.0,1237.5,0.9868421052631579,0.20300751879699247,0.325187969924812,0.39849624060150374,5.484536082474227,0.7612781954887218
197,12,1,440,5.0,95,129.5,430,296,109,325,340.0,53,47,152.0,143.0,145.0,739.0,439.5,1221.0,0.9772727272727273,0.24772727272727274,0.32954545454545453,0.34545454545454546,4.631578947368421,0.7727272727272727
198,13,2,465,5.0,94,140.0,457,280,116,349,377.0,54,34,142.0,166.0,157.0,761.0,448.0,1241.5,0.9827956989247312,0.24946236559139784,0.33763440860215055,0.3053763440860215,4.946808510638298,0.810752688172043
199,14,3,459,6.0,96,125.0,452,266,104,341,356.0,49,54,160.0,137.0,162.0,713.5,469.0,1239.0,0.9847494553376906,0.22657952069716775,0.35294117647058826,0.3485838779956427,4.78125,0.775599128540305
200,15,4,475,5.0,101,139.0,471,286,115,347,379.0,59,37,175.0,164.0,136.0,746.5,459.0,1272.5,0.991578947368421,0.24210526315789474,0.2863157894736842,0.3684210526315789,4.702970297029703,0.7978947368421052
201,16,5,431,5.0,110,135.0,427,260,92,302,339.0,51,41,139.0,143.0,149.0,699.0,487.0,1214.5,0.9907192575406032,0.21345707656612528,0.345707656612529,0.3225058004640371,3.918181818181818,0.7865429234338747
202,17,6,517,10.0,103,145.0,511,303,113,391,421.0,51,45,157.0,189.0,171.0,764.0,485.0,1297.0,0.988394584139265,0.218568665377176,0.3307543520309478,0.3036750483558994,5.019417475728155,0.8143133462282398
203,18,0,545,5.0,107,140.0,537,325,124,419,444.0,58,43,179.0,176.0,190.0,809.0,453.0,1319.0,0.9853211009174312,0.22752293577981653,0.3486238532110092,0.3284403669724771,5.093457943925234,0.8146788990825689
204,19,1,516,5.0,106,142.0,507,298,96,375,417.0,50,49,188.0,184.0,144.0,737.0,447.0,1208.0,0.9825581395348837,0.18604651162790697,0.27906976744186046,0.3643410852713178,4.867924528301887,0.8081395348837209
205,20,2,452,10.0,107,135.0,444,265,83,330,358.0,60,34,124.0,169.0,159.0,734.0,465.5,1275.0,0.9823008849557522,0.1836283185840708,0.35176991150442477,0.2743362831858407,4.224299065420561,0.7920353982300885
206,21,3,444,10.0,101,140.0,428,276,129,322,359.0,48,37,139.0,164.0,141.0,749.0,486.0,1288.0,0.963963963963964,0.2905405405405405,0.31756756756756754,0.3130630630630631,4.396039603960396,0.8085585585585585
207,22,4,467,10.0,108,144.0,454,276,103,338,367.0,58,42,171.0,144.0,152.0,736.0,441.5,1253.5,0.9721627408993576,0.22055674518201285,0.32548179871520344,0.36616702355460384,4.324074074074074,0.7858672376873662
208,23,5,485,10.0,115,150.0,475,318,122,366,385.0,44,56,197.0,152.0,136.0,744.0,483.0,1288.0,0.979381443298969,0.2515463917525773,0.2804123711340206,0.4061855670103093,4.217391304347826,0.7938144329896907
209,24,6,594,10.0,110,142.095,586,326,131,453,474.0,68,52,225.0,177.0,192.0,742.0,458.0,1262.0,0.9865319865319865,0.22053872053872053,0.32323232323232326,0.3787878787878788,5.4,0.797979797979798
210,25,0,605,10.0,104,145.0,598,342,134,449,490.0,65,50,237.0,168.0,200.0,765.0,432.0,1248.0,0.9884297520661157,0.22148760330578512,0.3305785123966942,0.39173553719008264,5.8173076923076925,0.8099173553719008
211,26,1,542,10.0,108,130.0,528,282,84,392,436.0,59,47,183.0,149.0,210.0,703.5,462.0,1195.0,0.974169741697417,0.15498154981549817,0.3874538745387454,0.3376383763837638,5.018518518518518,0.8044280442804428
212,27,2,520,10.0,112,138.0,504,299,105,363,398.0,61,61,163.0,168.0,189.0,719.5,450.0,1236.0,0.9692307692307692,0.20192307692307693,0.36346153846153845,0.31346153846153846,4.642857142857143,0.7653846153846153
213,28,3,539,10.0,101,147.0,514,312,123,406,436.0,55,48,215.0,181.0,143.0,751.5,430.0,1258.5,0.9536178107606679,0.22820037105751392,0.2653061224489796,0.39888682745825604,5.336633663366337,0.8089053803339518
214,29,4,451,15.0,89,165.0,431,295,121,347,374.0,40,37,146.0,194.0,111.0,861.0,471.0,1381.0,0.9556541019955654,0.2682926829268293,0.24611973392461198,0.3237250554323725,5.067415730337078,0.8292682926829268
215,30,5,515,15.0,75,170.0,497,329,135,402,425.0,49,41,206.0,163.0,146.0,839.0,452.0,1354.0,0.9650485436893204,0.2621359223300971,0.283495145631068,0.4,6.866666666666666,0.8252427184466019
216,31,6,629,10.0,89,158.0,601,416,137,481,505.0,73,51,244.0,233.0,152.0,816.5,451.5,1307.0,0.9554848966613673,0.2178060413354531,0.24165341812400637,0.38791732909379967,7.067415730337078,0.8028616852146264
217,1,0,680,10.0,99,142.0,659,426,128,512,552.0,70,58,272.0,197.0,211.0,799.0,443.0,1266.0,0.9691176470588235,0.18823529411764706,0.31029411764705883,0.4,6.8686868686868685,0.8117647058823529
218,2,1,582,10.0,111,138.0,571,350,106,455,460.0,65,57,220.0,157.0,205.0,706.0,450.0,1206.0,0.9810996563573883,0.18213058419243985,0.35223367697594504,0.37800687285223367,5.243243243243243,0.7903780068728522
219,3,2,586,10.0,115,140.0,577,347,129,436,466.0,71,49,204.0,186.0,196.0,700.0,444.5,1182.0,0.984641638225256,0.22013651877133106,0.33447098976109213,0.34812286689419797,5.095652173913043,0.7952218430034129
220,4,3,546,10.0,110,130.0,535,329,108,386,437.0,65,44,194.0,166.0,186.0,726.0,448.5,1235.0,0.9798534798534798,0.1978021978021978,0.34065934065934067,0.3553113553113553,4.963636363636364,0.8003663003663004
221,5,4,538,10.0,118,138.0,533,343,111,393,419.0,77,42,171.0,156.0,211.0,726.0,449.0,1222.0,0.9907063197026023,0.20631970260223048,0.39219330855018586,0.31784386617100374,4.559322033898305,0.7788104089219331
222,6,5,581,10.0,124,145.0,570,349,96,409,444.0,82,55,206.0,169.0,206.0,717.0,448.0,1203.0,0.9810671256454389,0.16523235800344235,0.35456110154905335,0.35456110154905335,4.685483870967742,0.7641996557659209
223,7,6,579,10.0,124,149.0,573,346,92,424,458.0,59,62,226.0,164.0,189.0,708.0,435.0,1225.5,0.9896373056994818,0.15889464594127806,0.32642487046632124,0.3903281519861831,4.669354838709677,0.7910189982728842
224,8,0,602,5.0,112,149.5,597,337,94,435,475.0,61,66,220.0,183.0,199.0,711.5,433.5,1225.5,0.9916943521594684,0.15614617940199335,0.33056478405315615,0.3654485049833887,5.375,0.7890365448504983
225,9,1,548,10.0,113,146.0,544,322,108,407,406.0,73,69,200.0,167.0,181.0,712.0,445.0,1192.0,0.9927007299270073,0.19708029197080293,0.3302919708029197,0.36496350364963503,4.849557522123894,0.7408759124087592
226,10,2,515,10.0,116,133.0,506,313,91,369,394.0,65,56,183.0,151.0,181.0,697.0,451.0,1194.0,0.9825242718446602,0.1766990291262136,0.35145631067961164,0.3553398058252427,4.439655172413793,0.7650485436893204
227,11,3,519,10.0,113,138.0,512,299,93,392,389.0,74,56,193.0,139.0,187.0,732.0,440.0,1259.0,0.9865125240847784,0.1791907514450867,0.3603082851637765,0.371868978805395,4.592920353982301,0.7495183044315993
228,12,4,501,10.0,115,134.0,497,272,89,375,384.0,80,37,150.0,155.0,196.0,690.5,453.0,1181.0,0.9920159680638723,0.17764471057884232,0.3912175648702595,0.2994011976047904,4.356521739130435,0.7664670658682635
229,13,5,523,10.0,112,145.0,517,302,82,401,403.0,73,47,184.0,153.0,186.0,650.0,433.0,1135.5,0.988527724665392,0.15678776290630975,0.35564053537284895,0.35181644359464626,4.669642857142857,0.7705544933078394
230,14,6,583,10.0,120,150.0,578,307,89,441,460.0,70,53,226.0,162.0,195.0,719.5,435.0,1208.5,0.9914236706689536,0.15265866209262435,0.3344768439108062,0.3876500857632933,4.858333333333333,0.7890222984562607
231,15,0,552,10.0,109,140.0,549,305,98,401,435.0,56,61,189.0,169.0,194.0,714.5,443.5,1196.5,0.9945652173913043,0.17753623188405798,0.35144927536231885,0.3423913043478261,5.064220183486238,0.7880434782608695
232,16,1,518,8.0,117,132.0,513,274,83,367,385.0,84,49,156.0,149.0,213.0,656.0,427.5,1117.5,0.9903474903474904,0.16023166023166024,0.4111969111969112,0.30115830115830117,4.427350427350428,0.7432432432432432
233,17,2,483,10.0,114,144.0,475,280,74,355,349.0,79,55,155.0,142.0,186.0,688.0,425.0,1192.0,0.9834368530020704,0.15320910973084886,0.38509316770186336,0.32091097308488614,4.2368421052631575,0.722567287784679
234,18,3,543,10.0,113,135.0,532,294,109,399,419.0,71,53,188.0,158.0,197.0,690.5,423.0,1162.0,0.9797421731123389,0.2007366482504604,0.36279926335174956,0.3462246777163904,4.8053097345132745,0.7716390423572744
235,19,4,543,10.0,115,135.0,535,276,77,401,414.0,78,51,190.0,155.0,198.0,690.5,433.0,1159.0,0.9852670349907919,0.141804788213628,0.36464088397790057,0.34990791896869244,4.721739130434782,0.7624309392265194
236,20,5,521,5.0,118,145.0,515,303,65,374,410.0,65,46,188.0,145.0,188.0,684.0,455.0,1151.0,0.9884836852207294,0.12476007677543186,0.36084452975047987,0.36084452975047987,4.415254237288136,0.7869481765834933
237,21,6,598,10.0,124,150.0,587,314,82,442,450.0,80,68,231.0,163.0,204.0,714.0,413.0,1153.0,0.9816053511705686,0.13712374581939799,0.3411371237458194,0.3862876254180602,4.82258064516129,0.7525083612040134
238,22,0,597,10.0,110,140.0,593,347,94,446,469.0,73,55,218.0,157.0,222.0,698.0,464.0,1153.5,0.9932998324958124,0.1574539363484087,0.37185929648241206,0.36515912897822445,5.427272727272728,0.7855946398659966
239,23,1,578,5.5,117,137.5,570,282,95,429,442.0,75,61,190.0,155.0,233.0,690.5,411.5,1171.5,0.986159169550173,0.1643598615916955,0.4031141868512111,0.328719723183391,4.94017094017094,0.7647058823529411
240,24,2,573,6.0,119,138.0,564,332,90,405,434.0,76,63,184.0,182.0,207.0,653.0,441.0,1117.0,0.9842931937172775,0.15706806282722513,0.3612565445026178,0.32111692844677137,4.815126050420168,0.7574171029668412
241,25,3,551,5.0,118,150.0,545,326,87,404,441.0,68,42,207.0,162.0,182.0,722.0,429.0,1179.0,0.9891107078039928,0.15789473684210525,0.33030852994555354,0.37568058076225047,4.669491525423729,0.8003629764065335
242,26,4,582,5.0,129,131.0,577,347,98,411,459.0,76,47,200.0,159.0,223.0,643.0,427.0,1127.0,0.9914089347079038,0.16838487972508592,0.38316151202749144,0.3436426116838488,4.511627906976744,0.788659793814433
243,27,5,648,10.0,124,148.0,643,375,94,470,496.0,83,69,233.0,196.0,219.0,698.0,461.0,1187.0,0.9922839506172839,0.14506172839506173,0.33796296296296297,0.3595679012345679,5.225806451612903,0.7654320987654321
244,28,6,637,10.0,123,150.0,634,352,93,479,498.0,76,63,235.0,183.0,219.0,728.0,461.0,1242.0,0.9952904238618524,0.14599686028257458,0.34379905808477235,0.36891679748822603,5.178861788617886,0.7817896389324961
245,29,0,614,10.0,115,150.0,612,355,99,457,486.0,79,49,212.0,176.0,226.0,723.0,457.5,1200.0,0.996742671009772,0.16123778501628663,0.36807817589576547,0.34527687296416937,5.339130434782609,0.7915309446254072
246,30,1,527,5.0,102,139.0,522,316,53,387,408.0,78,41,219.0,120.0,188.0,686.0,433.0,1152.0,0.9905123339658444,0.10056925996204934,0.3567362428842505,0.4155597722960152,5.166666666666667,0.7741935483870968
247,31,2,488,10.0,113,150.0,483,267,63,342,400.0,47,41,172.0,161.0,155.0,691.0,442.0,1168.0,0.9897540983606558,0.1290983606557377,0.3176229508196721,0.3524590163934426,4.31858407079646,0.819672131147541
248,1,3,555,10.0,118,140.0,548,307,86,391,437.0,62,56,222.0,149.0,184.0,691.0,423.0,1161.0,0.9873873873873874,0.15495495495495495,0.33153153153153153,0.4,4.703389830508475,0.7873873873873873
249,2,4,559,5.0,123,132.0,556,302,79,405,445.0,77,37,204.0,160.0,195.0,671.0,437.0,1130.0,0.9946332737030411,0.1413237924865832,0.3488372093023256,0.36493738819320215,4.544715447154472,0.7960644007155635
250,3,5,591,5.0,120,130.0,586,342,93,412,462.0,71,58,237.0,153.0,201.0,640.0,486.0,1193.0,0.9915397631133672,0.15736040609137056,0.3401015228426396,0.4010152284263959,4.925,0.7817258883248731
251,4,6,627,5.0,123,149.0,624,335,97,484,498.0,81,48,221.0,158.0,248.0,715.0,493.0,1265.0,0.9952153110047847,0.1547049441786284,0.39553429027113235,0.3524720893141946,5.097560975609756,0.7942583732057417
252,5,0,652,0.0,121,140.0,641,364,103,455,502.0,90,60,257.0,195.0,200.0,652.5,512.0,1208.0,0.9831288343558282,0.1579754601226994,0.3067484662576687,0.3941717791411043,5.3884297520661155,0.7699386503067485
253,6,1,656,0.0,111,127.5,648,396,86,510,523.0,73,60,236.0,181.0,239.0,647.0,476.5,1188.0,0.9878048780487805,0.13109756097560976,0.3643292682926829,0.3597560975609756,5.90990990990991,0.7972560975609756
254,7,2,604,0.0,121,140.0,595,375,99,447,465.0,85,54,186.0,196.0,222.0,629.0,508.5,1194.0,0.9850993377483444,0.16390728476821192,0.3675496688741722,0.3079470198675497,4.991735537190083,0.7698675496688742
255,8,3,599,0.0,117,135.0,595,360,90,432,477.0,69,53,190.0,179.0,230.0,676.5,496.0,1218.0,0.993322203672788,0.15025041736227046,0.38397328881469117,0.31719532554257096,5.119658119658119,0.7963272120200334
256,9,4,589,0.0,113,135.0,574,340,81,421,471.0,66,52,205.0,171.0,213.0,659.0,493.0,1193.0,0.9745331069609507,0.13752122241086587,0.3616298811544992,0.34804753820033957,5.212389380530974,0.799660441426146
257,10,5,603,0.0,109,150.0,583,327,86,443,468.0,90,45,241.0,174.0,188.0,700.0,503.5,1248.0,0.966832504145937,0.14262023217247097,0.3117744610281924,0.3996683250414594,5.532110091743119,0.7761194029850746
258,11,6,577,0.0,124,140.0,557,297,73,422,431.0,83,63,200.0,173.0,204.0,667.0,482.0,1188.0,0.9653379549393414,0.1265164644714038,0.3535528596187175,0.3466204506065858,4.653225806451613,0.7469670710571924
259,12,0,589,0.0,108,140.0,561,338,79,441,442.0,88,59,229.0,141.0,219.0,715.0,489.0,1250.5,0.9524617996604414,0.13412563667232597,0.37181663837011886,0.38879456706281834,5.453703703703703,0.7504244482173175
260,13,1,609,5.0,113,135.0,591,332,82,459,451.0,93,65,218.0,178.0,213.0,659.0,457.0,1156.0,0.9704433497536946,0.13464696223316913,0.3497536945812808,0.3579638752052545,5.389380530973451,0.7405582922824302
261,14,2,539,6.0,119,135.0,518,312,78,381,407.0,78,54,198.0,149.0,192.0,663.0,477.0,1186.0,0.961038961038961,0.14471243042671614,0.3562152133580705,0.3673469387755102,4.529411764705882,0.7551020408163265
262,15,3,581,5.0,122,135.0,562,328,84,428,459.0,75,47,185.0,192.0,204.0,650.0,470.0,1165.0,0.9672977624784854,0.14457831325301204,0.35111876075731496,0.31841652323580033,4.762295081967213,0.7900172117039587
263,16,4,537,5.0,121,135.0,526,301,79,381,407.0,68,62,178.0,163.0,196.0,657.5,470.5,1213.5,0.9795158286778398,0.14711359404096835,0.3649906890130354,0.33147113594040967,4.43801652892562,0.7579143389199255
264,17,5,605,5.0,127,130.0,591,321,82,441,481.0,82,42,182.0,167.0,256.0,652.0,480.0,1168.5,0.9768595041322314,0.13553719008264462,0.4231404958677686,0.30082644628099175,4.7637795275590555,0.7950413223140496
265,18,6,629,10.0,119,150.0,617,333,73,490,504.0,71,54,249.0,171.0,209.0,651.0,476.0,1169.0,0.9809220985691574,0.11605723370429252,0.3322734499205087,0.3958664546899841,5.285714285714286,0.8012718600953895
266,19,0,674,10.0,120,136.0,660,374,81,505,543.0,81,50,226.0,211.0,237.0,641.0,474.0,1160.0,0.9792284866468842,0.1201780415430267,0.3516320474777448,0.3353115727002967,5.616666666666666,0.8056379821958457
267,20,1,650,5.0,115,130.0,634,349,77,488,536.0,62,52,229.0,190.0,231.0,622.0,491.5,1168.0,0.9753846153846154,0.11846153846153847,0.3553846153846154,0.3523076923076923,5.6521739130434785,0.8246153846153846
268,21,2,604,10.0,124,139.5,589,329,80,451,479.0,71,54,176.0,192.0,236.0,639.0,477.5,1158.0,0.9751655629139073,0.13245033112582782,0.39072847682119205,0.2913907284768212,4.870967741935484,0.793046357615894
269,22,3,599,10.0,114,128.0,580,348,70,435,485.0,68,46,211.0,176.0,212.0,645.0,493.0,1204.0,0.9682804674457429,0.11686143572621036,0.35392320534223703,0.35225375626043404,5.254385964912281,0.8096828046744574
270,23,4,671,10.0,126,145.0,652,383,78,491,524.0,79,68,261.0,185.0,225.0,674.0,512.0,1258.0,0.9716840536512668,0.11624441132637854,0.3353204172876304,0.3889716840536513,5.325396825396825,0.7809239940387481
271,24,5,631,10.0,118,140.0,604,349,68,470,502.0,80,49,256.0,167.0,208.0,685.0,473.0,1207.0,0.9572107765451664,0.10776545166402536,0.329635499207607,0.40570522979397783,5.3474576271186445,0.7955625990491284
272,25,6,638,10.0,115,144.5,623,343,71,483,527.0,66,45,252.0,176.0,210.0,695.0,487.0,1201.0,0.9764890282131662,0.11128526645768025,0.329153605015674,0.3949843260188088,5.547826086956522,0.8260188087774295
273,26,0,689,10.0,110,140.0,665,424,102,508,561.0,79,49,250.0,195.0,244.0,676.0,481.0,1188.5,0.965166908563135,0.14804063860667635,0.35413642960812775,0.36284470246734396,6.263636363636364,0.8142235123367199
274,27,1,617,5.0,122,132.0,608,351,89,476,489.0,87,41,214.0,158.0,245.0,657.0,468.0,1135.5,0.9854132901134521,0.14424635332252836,0.39708265802269044,0.34683954619124796,5.057377049180328,0.7925445705024311
275,28,2,650,10.0,122,135.0,645,382,91,454,509.0,80,61,232.0,192.0,226.0,647.0,492.0,1223.0,0.9923076923076923,0.14,0.3476923076923077,0.3569230769230769,5.327868852459017,0.7830769230769231
276,29,3,677,10.0,120,134.0,672,376,76,491,523.0,92,62,217.0,205.0,255.0,700.0,477.0,1210.0,0.9926144756277696,0.11225997045790251,0.3766617429837518,0.3205317577548006,5.641666666666667,0.7725258493353028
277,30,4,692,5.0,123,135.0,687,379,71,526,542.0,99,51,223.0,221.0,248.0,647.0,475.0,1156.0,0.9927745664739884,0.10260115606936417,0.3583815028901734,0.3222543352601156,5.626016260162602,0.7832369942196532
278,31,5,673,5.0,127,135.0,666,379,97,516,540.0,84,49,222.0,202.0,249.0,699.0,482.0,1197.0,0.9895988112927192,0.14413075780089152,0.3699851411589896,0.3298662704309064,5.299212598425197,0.8023774145616642
279,1,6,717,5.0,129,140.0,704,407,96,531,569.0,88,60,231.0,254.0,232.0,664.0,476.0,1192.0,0.9818688981868898,0.13389121338912133,0.32357043235704325,0.32217573221757323,5.558139534883721,0.793584379358438
280,2,0,723,10.0,114,140.0,719,417,102,535,590.0,80,53,230.0,224.0,269.0,706.5,493.0,1230.0,0.9944674965421854,0.14107883817427386,0.37206085753803597,0.318118948824343,6.342105263157895,0.8160442600276625
281,3,1,614,5.0,119,129.0,606,356,87,456,474.0,86,54,191.0,169.0,254.0,631.0,474.0,1159.0,0.9869706840390879,0.14169381107491857,0.41368078175895767,0.31107491856677527,5.159663865546219,0.7719869706840391
282,4,2,653,10.0,124,132.0,648,380,94,469,510.0,94,49,178.0,223.0,252.0,638.0,476.0,1202.5,0.9923430321592649,0.1439509954058193,0.38591117917304746,0.2725880551301684,5.266129032258065,0.781010719754977
283,5,3,667,5.0,119,140.0,652,386,85,494,539.0,75,53,198.0,222.0,247.0,677.0,467.0,1177.0,0.9775112443778111,0.12743628185907047,0.37031484257871067,0.29685157421289354,5.605042016806722,0.808095952023988
284,6,4,749,5.0,128,140.0,742,413,94,543,616.0,81,52,243.0,225.0,281.0,629.0,459.0,1139.5,0.9906542056074766,0.12550066755674233,0.3751668891855808,0.32443257676902537,5.8515625,0.822429906542056
285,7,5,722,10.0,134,150.0,712,412,64,543,564.0,98,60,204.0,209.0,309.0,649.0,509.5,1201.0,0.9861495844875346,0.0886426592797784,0.4279778393351801,0.28254847645429365,5.388059701492537,0.7811634349030471
286,8,6,731,5.0,124,140.0,728,395,77,532,596.0,76,59,279.0,209.0,243.0,677.0,495.0,1177.0,0.9958960328317373,0.10533515731874145,0.332421340629275,0.3816689466484268,5.895161290322581,0.8153214774281806
287,9,0,708,5.0,121,145.0,693,412,89,506,565.0,87,56,243.0,197.0,268.0,689.0,452.0,1186.5,0.9788135593220338,0.12570621468926554,0.3785310734463277,0.3432203389830508,5.851239669421488,0.7980225988700564
288,10,1,660,5.0,122,128.0,648,383,86,525,541.0,70,49,194.0,176.0,290.0,622.0,450.5,1114.0,0.9818181818181818,0.1303030303030303,0.4393939393939394,0.29393939393939394,5.409836065573771,0.8196969696969697
289,11,2,655,5.0,128,130.0,648,319,70,510,536.0,68,51,194.0,196.0,265.0,599.5,454.0,1067.5,0.9893129770992366,0.10687022900763359,0.40458015267175573,0.2961832061068702,5.1171875,0.8183206106870229
290,12,3,713,5.0,126,139.0,702,380,82,522,570.0,91,52,221.0,210.0,282.0,592.0,475.0,1110.0,0.9845722300140253,0.1150070126227209,0.3955119214586255,0.30995792426367463,5.658730158730159,0.7994389901823282
291,13,4,654,5.0,129,144.0,642,357,59,490,529.0,70,55,200.0,177.0,277.0,590.0,487.5,1123.5,0.981651376146789,0.09021406727828746,0.4235474006116208,0.3058103975535168,5.069767441860465,0.808868501529052
292,14,5,744,5.0,131,150.0,735,398,66,568,609.0,81,54,236.0,201.0,307.0,657.0,462.0,1172.0,0.9879032258064516,0.08870967741935484,0.41263440860215056,0.3172043010752688,5.679389312977099,0.8185483870967742
293,15,6,789,10.0,132,137.0,764,381,79,593,643.0,79,67,246.0,230.0,313.0,621.0,487.0,1165.0,0.9683143219264893,0.10012674271229405,0.39670468948035487,0.311787072243346,5.9772727272727275,0.8149556400506971
294,16,0,759,5.0,129,145.0,740,408,86,554,597.0,95,67,224.0,204.0,331.0,659.0,475.0,1182.0,0.9749670619235836,0.11330698287220026,0.43610013175230566,0.2951251646903821,5.883720930232558,0.7865612648221344
295,17,1,665,5.0,125,120.0,646,353,81,519,502.0,92,71,213.0,171.0,281.0,593.5,454.0,1122.0,0.9714285714285714,0.12180451127819548,0.42255639097744363,0.32030075187969925,5.32,0.7548872180451128
296,18,2,726,5.0,132,140.0,697,414,87,536,569.0,92,65,211.0,187.0,328.0,635.0,482.0,1162.0,0.9600550964187328,0.11983471074380166,0.45179063360881544,0.290633608815427,5.5,0.7837465564738292
297,19,3,803,5.0,135,145.0,768,447,99,592,660.0,85,58,267.0,215.0,321.0,628.0,458.0,1116.0,0.9564134495641345,0.1232876712328767,0.39975093399750933,0.33250311332503113,5.948148148148148,0.821917808219178
298,20,4,764,5.0,128,135.0,742,403,60,558,629.0,85,50,235.0,210.0,319.0,579.0,459.5,1087.0,0.9712041884816754,0.07853403141361257,0.4175392670157068,0.3075916230366492,5.96875,0.8232984293193717
299,21,5,773,5.0,132,140.0,744,416,82,564,636.0,82,55,231.0,233.0,309.0,612.0,468.0,1106.0,0.96248382923674,0.10608020698576973,0.3997412677878396,0.2988357050452781,5.856060606060606,0.8227684346701164
300,22,6,760,5.0,120,145.0,741,384,80,575,634.0,74,52,246.0,223.0,291.0,638.0,464.5,1129.0,0.975,0.10526315789473684,0.3828947368421053,0.3236842105263158,6.333333333333333,0.8342105263157895
301,23,0,756,6.0,116,140.0,734,408,86,580,626.0,83,47,252.0,214.0,290.0,684.0,465.5,1201.5,0.9708994708994709,0.11375661375661375,0.3835978835978836,0.3333333333333333,6.517241379310345,0.828042328042328
302,24,1,879,5.0,138,135.0,862,440,84,671,753.0,77,49,267.0,233.0,379.0,597.0,455.0,1098.0,0.9806598407281001,0.09556313993174062,0.4311717861205916,0.3037542662116041,6.369565217391305,0.856655290102389
303,25,2,799,5.0,132,135.0,791,416,86,585,645.0,94,60,230.0,250.0,319.0,625.0,478.0,1114.0,0.9899874843554443,0.10763454317897372,0.3992490613266583,0.2878598247809762,6.053030303030303,0.8072590738423029
304,26,3,757,5.0,128,140.0,738,386,101,557,617.0,90,50,229.0,258.0,270.0,658.0,467.0,1159.5,0.9749009247027741,0.1334214002642008,0.35667107001321,0.30250990752972257,5.9140625,0.8150594451783355
305,27,4,692,5.0,125,130.0,684,373,79,541,555.0,82,55,189.0,212.0,291.0,633.5,462.5,1114.0,0.9884393063583815,0.11416184971098266,0.42052023121387283,0.273121387283237,5.536,0.8020231213872833
306,28,5,775,5.0,130,135.0,756,439,77,600,629.0,95,51,246.0,208.0,321.0,645.5,506.0,1185.5,0.9754838709677419,0.09935483870967741,0.41419354838709677,0.3174193548387097,5.961538461538462,0.8116129032258065
307,29,6,873,5.0,143,150.0,845,485,116,694,699.0,109,65,252.0,282.0,339.0,661.5,456.0,1190.0,0.9679266895761741,0.13287514318442153,0.38831615120274915,0.28865979381443296,6.104895104895105,0.8006872852233677
308,30,0,710,10.0,115,150.0,690,414,103,548,551.0,91,68,204.0,186.0,320.0,669.5,468.5,1181.0,0.971830985915493,0.14507042253521127,0.4507042253521127,0.28732394366197184,6.173913043478261,0.776056338028169
309,31,1,725,10.0,125,140.0,706,396,70,591,605.0,77,43,207.0,187.0,331.0,633.0,467.0,1141.0,0.9737931034482759,0.09655172413793103,0.45655172413793105,0.28551724137931034,5.8,0.8344827586206897
310,1,2,835,6.0,142,150.0,816,473,98,646,677.0,94,64,248.0,254.0,333.0,638.0,487.0,1171.5,0.9772455089820359,0.11736526946107785,0.39880239520958083,0.2970059880239521,5.880281690140845,0.8107784431137725
311,2,3,809,9.0,129,140.0,794,454,109,621,637.0,102,70,230.0,221.0,358.0,623.0,470.0,1148.0,0.9814585908529048,0.13473423980222496,0.44252163164400493,0.2843016069221261,6.271317829457364,0.7873918417799752
312,3,4,853,9.0,140,145.0,836,474,119,617,685.0,104,64,247.0,277.0,329.0,636.0,459.0,1183.0,0.9800703399765534,0.1395076201641266,0.38569753810082064,0.2895662368112544,6.0928571428571425,0.8030480656506448
313,4,5,894,9.0,141,135.0,877,489,115,681,702.0,114,78,256.0,263.0,375.0,608.0,448.0,1112.0,0.9809843400447428,0.12863534675615212,0.41946308724832215,0.28635346756152125,6.340425531914893,0.785234899328859
314,5,6,897,9.0,135,150.0,887,498,105,688,696.0,127,74,278.0,246.0,373.0,670.5,485.0,1207.0,0.9888517279821628,0.11705685618729098,0.4158305462653289,0.30992196209587514,6.644444444444445,0.7759197324414716
315,6,0,816,9.0,120,150.0,793,478,113,602,615.0,123,78,271.0,223.0,322.0,704.0,450.5,1208.0,0.9718137254901961,0.13848039215686275,0.3946078431372549,0.3321078431372549,6.8,0.7536764705882353
316,7,1,822,10.0,113,159.0,805,553,139,596,637.0,115,70,254.0,260.0,308.0,691.0,464.0,1199.0,0.9793187347931873,0.16909975669099755,0.3746958637469586,0.30900243309002434,7.274336283185841,0.7749391727493917
317,8,2,1010,10.0,107,160.0,992,633,182,753,776.0,148,86,240.0,367.0,403.0,731.5,479.0,1239.0,0.9821782178217822,0.1801980198019802,0.39900990099009903,0.2376237623762376,9.439252336448599,0.7683168316831683
318,9,3,865,10.0,92,155.0,854,515,160,691,696.0,108,61,176.0,331.0,358.0,669.0,465.5,1189.0,0.9872832369942196,0.18497109826589594,0.4138728323699422,0.20346820809248556,9.402173913043478,0.8046242774566474
319,10,4,847,10.0,100,155.0,840,510,124,648,659.0,112,76,189.0,318.0,340.0,706.0,457.0,1213.0,0.9917355371900827,0.14639905548996457,0.4014167650531287,0.2231404958677686,8.47,0.7780401416765053
320,11,5,983,9.0,118,145.0,976,565,145,748,760.0,137,86,256.0,313.0,414.0,667.5,460.0,1180.0,0.9928789420142421,0.14750762970498474,0.4211597151576806,0.26042726347914547,8.330508474576272,0.7731434384537131
321,12,6,1032,9.0,132,154.0,1022,581,145,781,812.0,142,78,265.0,351.0,416.0,653.0,451.5,1140.0,0.9903100775193798,0.14050387596899225,0.40310077519379844,0.2567829457364341,7.818181818181818,0.7868217054263565
322,13,0,995,9.0,125,150.0,973,549,131,769,790.0,124,81,273.0,279.0,443.0,698.5,468.0,1233.0,0.9778894472361809,0.13165829145728644,0.4452261306532663,0.2743718592964824,7.96,0.7939698492462312
323,14,1,797,9.0,133,140.0,791,494,121,590,621.0,101,75,220.0,196.0,381.0,631.0,473.0,1129.0,0.9924717691342535,0.15181932245922208,0.4780426599749059,0.27603513174404015,5.992481203007519,0.7791718946047679
324,15,2,902,9.0,142,140.0,891,529,142,664,703.0,122,77,278.0,257.0,367.0,650.5,448.5,1140.5,0.9878048780487805,0.1574279379157428,0.40687361419068735,0.3082039911308204,6.352112676056338,0.779379157427938
325,16,3,894,5.0,141,139.5,872,427,133,691,686.0,122,86,247.0,275.0,372.0,656.0,437.0,1148.0,0.9753914988814317,0.1487695749440716,0.4161073825503356,0.27628635346756153,6.340425531914893,0.767337807606264
326,17,4,885,5.0,141,140.0,832,490,154,687,649.0,147,89,245.0,238.0,402.0,612.0,452.0,1124.5,0.9401129943502825,0.17401129943502824,0.4542372881355932,0.2768361581920904,6.276595744680851,0.7333333333333333
327,18,5,869,5.0,143,145.0,823,510,128,654,633.0,142,94,249.0,238.0,382.0,638.5,476.0,1127.5,0.9470655926352128,0.1472957422324511,0.43958573072497126,0.286536248561565,6.076923076923077,0.7284234752589183
328,19,6,995,0.0,143,154.0,956,580,157,785,758.0,139,98,277.0,310.0,408.0,660.0,466.0,1146.0,0.9608040201005025,0.1577889447236181,0.4100502512562814,0.27839195979899495,6.958041958041958,0.7618090452261307
329,20,0,917,5.0,135,150.0,876,509,127,678,701.0,130,86,261.0,280.0,376.0,681.5,453.0,1170.5,0.955288985823337,0.13849509269356597,0.4100327153762268,0.2846237731733915,6.792592592592593,0.7644492911668485
330,21,1,898,0.0,131,140.0,863,513,154,702,672.0,133,93,285.0,233.0,380.0,622.5,449.5,1087.5,0.9610244988864143,0.1714922048997773,0.42316258351893093,0.31737193763919824,6.854961832061068,0.7483296213808464
331,22,2,885,5.0,144,148.0,842,543,150,656,626.0,149,110,274.0,261.0,350.0,666.0,487.0,1196.0,0.9514124293785311,0.1694915254237288,0.3954802259887006,0.3096045197740113,6.145833333333333,0.7073446327683616
332,23,3,998,0.0,135,149.0,949,545,207,779,737.0,164,97,278.0,329.0,391.0,642.0,441.0,1121.0,0.9509018036072144,0.20741482965931865,0.39178356713426854,0.2785571142284569,7.392592592592592,0.7384769539078156
333,24,4,1023,5.0,154,140.0,977,579,193,788,730.0,185,108,285.0,305.0,433.0,648.0,463.0,1174.0,0.9550342130987293,0.18866080156402737,0.4232649071358749,0.2785923753665689,6.642857142857143,0.7135874877810362
334,25,5,1004,10.0,141,148.5,959,550,196,799,737.0,152,115,330.0,318.0,356.0,672.5,484.0,1205.0,0.9551792828685259,0.1952191235059761,0.3545816733067729,0.3286852589641434,7.120567375886525,0.7340637450199203
335,26,6,1121,5.0,134,160.0,1077,613,204,867,822.0,163,136,397.0,331.0,393.0,695.0,457.0,1188.0,0.9607493309545049,0.18198037466547726,0.35057983942908116,0.3541480820695807,8.365671641791044,0.7332738626226584
336,27,0,1027,5.0,137,149.0,997,570,214,750,762.0,161,104,320.0,320.0,387.0,680.0,448.0,1175.5,0.9707887049659202,0.20837390457643623,0.37682570593963,0.31158714703018503,7.4963503649635035,0.7419668938656281
337,28,1,1023,5.0,136,155.0,983,541,180,799,749.0,170,104,352.0,283.0,388.0,654.5,451.0,1147.5,0.9608993157380255,0.17595307917888564,0.37927663734115347,0.34408602150537637,7.522058823529412,0.7321603128054741
338,29,2,1042,2.0,147,140.0,1017,519,177,818,773.0,169,100,332.0,302.0,408.0,632.0,433.0,1082.0,0.9760076775431862,0.16986564299424184,0.3915547024952015,0.31861804222648754,7.08843537414966,0.7418426103646834
339,30,3,989,0.0,146,140.0,959,492,163,775,703.0,182,104,317.0,305.0,367.0,655.0,442.5,1133.0,0.9696663296258847,0.16481294236602628,0.3710819009100101,0.320525783619818,6.773972602739726,0.7108190091001011
340,31,4,1009,5.0,153,140.0,960,508,187,792,734.0,175,100,321.0,310.0,378.0,643.0,460.5,1141.5,0.9514370664023786,0.18533201189296333,0.37462834489593655,0.31813676907829536,6.594771241830065,0.7274529236868187
341,1,5,997,5.0,151,140.0,946,484,174,759,736.0,161,100,326.0,323.0,348.0,629.0,445.0,1114.5,0.9488465396188566,0.17452357071213642,0.34904714142427284,0.32698094282848544,6.602649006622516,0.7382146439317954
342,2,6,1098,5.0,143,158.0,1060,594,234,829,760.0,204,134,373.0,333.0,392.0,631.0,467.0,1124.0,0.9653916211293261,0.21311475409836064,0.3570127504553734,0.33970856102003644,7.678321678321678,0.692167577413479
343,3,0,941,5.0,126,154.0,893,489,210,701,648.0,176,117,302.0,288.0,351.0,648.0,436.0,1134.0,0.9489904357066951,0.22316684378320936,0.37300743889479276,0.32093517534537724,7.468253968253968,0.6886291179596175
344,4,1,939,0.0,128,135.0,891,502,209,703,683.0,160,96,300.0,263.0,376.0,612.5,430.0,1080.0,0.9488817891373802,0.22257720979765708,0.40042598509052185,0.3194888178913738,7.3359375,0.7273695420660277
345,5,2,957,0.0,138,138.0,906,499,179,717,641.0,198,118,333.0,258.0,366.0,600.0,427.0,1077.0,0.9467084639498433,0.18704284221525602,0.3824451410658307,0.34796238244514105,6.934782608695652,0.6698014629049112
346,6,3,930,0.0,137,140.0,872,474,184,680,650.0,175,105,316.0,281.0,333.0,645.0,430.0,1154.0,0.9376344086021505,0.1978494623655914,0.3580645161290323,0.33978494623655914,6.788321167883212,0.6989247311827957
347,7,4,910,1.0,145,139.5,818,464,199,655,604.0,181,125,314.0,269.0,327.0,620.0,438.0,1103.0,0.8989010989010989,0.21868131868131868,0.35934065934065934,0.34505494505494505,6.275862068965517,0.6637362637362637
348,8,5,995,5.0,146,140.0,918,487,216,723,668.0,198,129,341.0,294.0,360.0,629.5,437.0,1109.0,0.9226130653266331,0.21708542713567838,0.36180904522613067,0.342713567839196,6.815068493150685,0.671356783919598
349,9,6,1016,5.0,143,150.0,958,554,194,787,721.0,188,107,331.0,320.0,365.0,657.0,451.5,1144.0,0.9429133858267716,0.19094488188976377,0.359251968503937,0.3257874015748031,7.104895104895105,0.7096456692913385
350,10,0,1034,5.0,126,153.5,969,579,228,777,742.0,173,119,323.0,326.0,385.0,696.0,442.0,1153.5,0.937137330754352,0.2205029013539652,0.3723404255319149,0.31237911025145065,8.206349206349206,0.7176015473887815
351,11,1,1089,0.0,140,129.0,998,541,204,832,788.0,180,121,336.0,277.0,476.0,633.0,421.0,1092.0,0.9164370982552801,0.18732782369146006,0.43709825528007346,0.3085399449035813,7.7785714285714285,0.7235996326905417
352,12,2,1013,1.0,144,139.0,969,488,190,781,718.0,163,132,324.0,301.0,388.0,638.5,435.0,1124.5,0.9565646594274433,0.18756169792694966,0.3830207305034551,0.3198420533070089,7.034722222222222,0.7087857847976308
353,13,3,989,0.0,144,140.0,954,491,180,747,704.0,177,108,303.0,294.0,392.0,644.0,441.0,1122.0,0.9646107178968655,0.1820020222446916,0.39635995955510617,0.3063700707785642,6.868055555555555,0.7118301314459049
354,14,4,1060,0.0,148,145.0,1015,532,197,815,767.0,188,105,324.0,309.0,427.0,615.0,430.5,1087.0,0.9575471698113207,0.18584905660377357,0.4028301886792453,0.30566037735849055,7.162162162162162,0.7235849056603774
355,15,5,1105,0.0,147,145.0,1064,588,167,857,842.0,145,118,324.0,322.0,459.0,631.5,437.0,1114.5,0.96289592760181,0.151131221719457,0.4153846153846154,0.29321266968325793,7.517006802721088,0.7619909502262443
356,16,6,1137,0.0,148,148.0,1095,565,187,913,863.0,175,99,327.0,330.0,480.0,634.0,423.0,1110.0,0.9630606860158312,0.1644678979771328,0.42216358839050133,0.287598944591029,7.6824324324324325,0.7590149516270889
357,17,0,1107,0.0,135,140.0,1071,554,183,865,832.0,178,97,337.0,320.0,450.0,684.0,422.5,1144.0,0.967479674796748,0.16531165311653118,0.4065040650406504,0.3044263775971093,8.2,0.7515808491418248
358,18,1,1201,0.0,143,129.0,1154,587,193,941,931.0,183,87,350.0,335.0,516.0,592.0,418.0,1046.0,0.9608659450457951,0.16069941715237301,0.42964196502914237,0.29142381348875934,8.398601398601398,0.7751873438800999
359,19,2,1164,0.0,147,135.0,1129,564,185,906,911.0,161,92,336.0,336.0,492.0,625.5,411.0,1066.5,0.9699312714776632,0.15893470790378006,0.422680412371134,0.28865979381443296,7.918367346938775,0.7826460481099656
360,20,3,1213,0.0,141,145.0,1169,580,218,941,928.0,189,96,397.0,313.0,503.0,639.0,417.0,1105.5,0.9637262984336357,0.179719703215169,0.41467436108821104,0.32728771640560594,8.602836879432624,0.765045342126958
361,21,4,1151,0.0,143,140.0,1118,545,145,924,919.0,152,80,314.0,296.0,541.0,615.0,412.0,1066.0,0.9713292788879235,0.1259774109470026,0.47002606429192006,0.2728062554300608,8.048951048951048,0.7984361424847958
362,22,5,1092,0.0,140,141.0,1046,535,191,855,848.0,144,100,292.0,308.0,492.0,625.5,421.0,1091.5,0.9578754578754579,0.1749084249084249,0.45054945054945056,0.2673992673992674,7.8,0.7765567765567766
363,23,6,1202,0.0,147,148.5,1160,560,200,957,952.0,164,86,335.0,326.0,541.0,647.0,429.0,1118.0,0.9650582362728786,0.16638935108153077,0.45008319467554075,0.27870216306156403,8.17687074829932,0.7920133111480865
364,24,0,1020,0.0,129,153.0,980,520,195,784,764.0,166,90,285.0,259.0,476.0,683.0,421.5,1130.0,0.9607843137254902,0.19117647058823528,0.4666666666666667,0.27941176470588236,7.906976744186046,0.7490196078431373
365,25,1,1039,0.0,140,135.0,1005,459,169,825,820.0,140,79,305.0,258.0,476.0,603.5,433.0,1081.0,0.9672762271414822,0.16265640038498555,0.45813282001924927,0.29355149181905676,7.421428571428572,0.7892204042348412
